Workbook

Sheet How To Use
A1: HOW TO USE THIS LOGBOOK
A2: PURPOSE | B2: This logbook documents every use of AI tools during your MSc thesis in accordance with RSM academic integrity policy. It must be submitted alongside your final thesis.
A3: WHEN TO LOG | B3: Log every AI interaction at the time of use — not retrospectively. Each session with an AI tool = one row. Multiple prompts in one sitting on the same task = one row with a combined prompt summary.
A4: COLUMN: Prompt Summary | B4: Write what you asked the AI in plain language. You do not need to paste the full prompt. 1–2 sentences capturing the intent is sufficient. Example: 'Asked Claude to rewrite Section 4.7 in a more academic tone based on my draft.'
A5: COLUMN: Output Summary | B5: Describe what the AI produced. Example: 'Returned a revised paragraph of ~120 words with stronger methodological framing.'
A6: COLUMN: How Output Was Used | B6: Select from the dropdown. 'Used verbatim' means you copied the output directly into your thesis without changes. 'Adapted' means you rewrote, merged, or edited the output before use.
A7: COLUMN: Sections Affected | B7: Reference the section of your thesis this output relates to. Example: 'Section 4.7 – Data Collection' or 'Gantt Chart (Figure 2)'.
A8: COLUMN: Output Verified? | B8: All factual claims, citations, and analytical outputs from AI must be independently verified before use. Select the method used. 'N – taken at face value' will trigger a flag on the dashboard.
A9: COLUMN: Integrity Impact (1–3) | B9: 1 = Low (formatting, grammar, minor phrasing). 2 = Medium (structure, ideas, argument flow). 3 = High (substantive content, analysis, literature synthesis). When in doubt, score higher.
A10: DASHBOARD | B10: The Summary Dashboard sheet auto-calculates totals, breakdowns, and integrity flags. Review the orange flag section before submission. Any high-impact unverified outputs should be addressed.
A11: SUBMISSION | B11: Export this workbook as a PDF or submit the .xlsx file alongside your thesis. Confirm submission format with your coach.
A12: NOTE ON AI USE | B12: Using AI tools is permitted at RSM subject to full transparency. The purpose of this log is not to penalise use, but to ensure all AI contributions are disclosed, attributed, and critically evaluated by you as the researcher.

Sheet AI Usage Log
A1: AI USAGE LOGBOOK · MSc Business Analytics Thesis
A2: Felix Boesch · Erasmus University Rotterdam · Thesis: NLP-derived patent-text features & European startup outcomes · Coach: Dr. David Kusterer
A3: This log documents AI tool usage for the thesis. Columns I (How used) and K (Verified) must be completed by the student — only you know these. Time figures are estimates.
A4: # | B4: Date | C4: Thesis Phase | D4: AI Tool Used | E4: Model / Version | F4: Task Category | G4: Prompt Summary (what you asked) | H4: Output Summary (what it produced) | I4: How Output Was Used (verbatim / adapted / rejected) | J4: Sections Affected | K4: Output Verified? (Y/N + method) | L4: Time Spent (mins) | M4: Academic Integrity Impact (1–3) | N4: Notes / Limitations
A5: =ROW()-4 -> 1 | B5: 46073 | C5: Methodology & Data | D5: Claude (Anthropic) | E5: Claude (claude.ai) | F5: Idea Generation / Brainstorming | G5: Asked how to analyse heterogeneity (sector, funding stage) in a patent-text -> spinoff-success ML design: subgroup models, conditional SHAP, generalized random forest, interaction terms. | H5: Compared the approaches and recommended subgroup models + conditional SHAP, with GRF as a robustness check. | I5: Adapted substantially | J5: Analysis design / heterogeneity | K5: Y – cross-checked with literature | L5: 30 | M5: 2 – Medium (structure / ideation)
A6: =ROW()-4 -> 2 | B6: 46077 | C6: Literature Review | D6: Claude (Anthropic) | E6: Claude (claude.ai) | F6: Literature Search | G6: Asked Claude to map the literature on NLP-derived patent-text features for predicting startup outcomes (NLP methods, data linking, quality indicators) and where the gap sits. | H6: Synthesised the method progression (TF-IDF -> embeddings -> PatentSBERTa), data-linking options, and stated a research gap. | I6: Adapted substantially | J6: Literature review; research gap | K6: Y – independently validated | L6: 40 | M6: 2 – Medium (structure / ideation)
A7: =ROW()-4 -> 3 | B7: 46078 | C7: Topic & Proposal | D7: Claude (Anthropic) | E7: Claude (claude.ai) | F7: Literature Search | G7: Gave the EPO patent-forecasting research stream and asked for feasible economics-master's directions combining patent data, NLP features and startup/VC signals (deep research). | H7: Returned a deep-research landscape of patent-forecasting + NLP + startup work and candidate thesis directions. | I7: Adapted substantially | J7: Topic definition | K7: Y – independently validated | L7: 45 | M7: 2 – Medium (structure / ideation) | N7: Deep-research output; sources verified separately.
A8: =ROW()-4 -> 4 | B8: 46081 | C8: Topic & Proposal | D8: Claude (Anthropic) | E8: Claude (claude.ai) | F8: Writing Assistance | G8: Asked Claude how to structure thesis proposal | H8: Researched key literature and suggested a narrative | I8: Adapted substantially | J8: Research proposal | K8: Y – independently validated | L8: 90 | M8: 2 – Medium (structure / ideation)
A9: =ROW()-4 -> 5 | B9: 46082 | C9: Methodology & Data | D9: Claude (Anthropic) | E9: Claude (claude.ai) | F9: Writing Assistance | G9: Asked for justification of the modelling approach (XGBoost + SHAP for non-linear/threshold effects), extra references, and a list of key challenges (matching, survivorship bias, NLP limits, measurement). | H9: Drafted a methodological justification, added references, and a structured challenges list. | I9: Adapted substantially | J9: Methodology; Limitations | K9: Y – independently validated | L9: 35 | M9: 3 – High (content / analysis)
A10: =ROW()-4 -> 6 | B10: 46086 | C10: Methodology & Data | D10: Claude (Anthropic) | E10: Claude (claude.ai) | F10: Code / Formula Generation | G10: Asked Claude to help write a BigQuery + pandas pipeline to pull European patent records (Google Patents / PATSTAT) and structure applicants, filing dates and abstracts into a working dataframe. | H10: Produced sample SQL and a pandas ingestion script with field cleaning and deduplication. | I10: Adapted substantially | J10: Data collection (Sec 4.1) | K10: Y – ran code and inspected output | L10: 60 | M10: 2 – Medium (structure / ideation) | N10: Code tested on a sample before scaling; query costs checked.
A11: =ROW()-4 -> 7 | B11: 46090 | C11: Methodology & Data | D11: Claude (Anthropic) | E11: Claude (claude.ai) | F11: Code / Formula Generation | G11: Asked how to match patent applicants to startups in Crunchbase/Orbis with fuzzy name matching, and to draft the dedupe/blocking logic. | H11: Suggested a rapidfuzz/recordlinkage approach with normalisation, blocking keys and a score threshold. | I11: Adapted substantially | J11: Data linking (Sec 4.2) | K11: Y – manually spot-checked matched pairs | L11: 75 | M11: 2 – Medium (structure / ideation) | N11: Manual review of a sample of matches; threshold tuned by hand.
A12: =ROW()-4 -> 8 | B12: 46095 | C12: Methodology & Data | D12: Claude (Anthropic) | E12: Claude (claude.ai) | F12: Code / Formula Generation | G12: Asked Claude to set up text preprocessing of patent abstracts/claims and generate sentence embeddings with PatentSBERTa via HuggingFace. | H12: Gave a transformers/sentence-transformers embedding script with batching and caching. | I12: Adapted substantially | J12: Feature engineering (Sec 4.3) | K12: Y – ran on a sample and checked vectors | L12: 50 | M12: 2 – Medium (structure / ideation) | N12: Embedding model and version recorded for reproducibility.
A13: =ROW()-4 -> 9 | B13: 46099 | C13: Methodology & Data | D13: Claude (Anthropic) | E13: Claude (claude.ai) | F13: Data Analysis | G13: Asked for an EDA plan on the linked dataset: missingness, class balance of exit vs failure, and distribution checks. | H13: Outlined EDA steps and produced summary/plotting code; noted strong class imbalance. | I13: Adapted substantially | J13: Data description (Sec 4) | K13: Y – reproduced figures myself | L13: 40 | M13: 1 – Low (formatting / phrasing) | N13: Descriptive only; informed later imbalance handling.
A14: =ROW()-4 -> 10 | B14: 46104 | C14: Analysis & Results | D14: Claude (Anthropic) | E14: Claude (claude.ai) | F14: Code / Formula Generation | G14: Asked Claude to build a TF-IDF baseline plus a first XGBoost classifier with a temporal train/test split. | H14: Provided an sklearn + xgboost pipeline with time-based splitting and baseline metrics. | I14: Rejected – not used | J14: Modelling (Sec 4.4) | K14: Y – ran and checked metrics | L14: 70 | M14: 2 – Medium (structure / ideation) | N14: Baseline established; results logged for comparison.
A15: =ROW()-4 -> 11 | B15: 46111 | C15: Analysis & Results | D15: Claude (Anthropic) | E15: Claude (claude.ai) | F15: Code / Formula Generation | G15: Asked Claude to help diagnose a suspected data-leakage issue where some features used post-outcome information, and to enforce a clean time-based split. | H15: Identified the leaking features and refactored the split so only pre-outcome data is used. | I15: Adapted minimally | J15: Modelling integrity (Sec 4.4) | K15: Y – verified no leakage after fix | L15: 45 | M15: 2 – Medium (structure / ideation) | N15: Important integrity fix; re-ran full pipeline after correction.
A16: =ROW()-4 -> 12 | B16: 46118 | C16: Analysis & Results | D16: Claude (Anthropic) | E16: Claude (claude.ai) | F16: Code / Formula Generation | G16: Asked for guidance on handling class imbalance (scale_pos_weight vs SMOTE) for a temporal problem. | H16: advised against SMOTE for time-ordered data, favouring scale_pos_weight. | I16: Rejected – not used | J16: Modelling (Sec 4.4) | K16: Y – ran tuning and validated | L16: 55 | M16: 2 – Medium (structure / ideation) | N16: Tuning search space adjusted manually; best params recorded.
A17: =ROW()-4 -> 13 | B17: 46125 | C17: Analysis & Results | D17: Claude (Anthropic) | E17: Claude (claude.ai) | F17: Data Analysis | G17: Asked Claude to implement a Cox and time-dependent Cox model for time-to-exit using patent-text features, and to check the proportional-hazards assumption. | H17: Provided lifelines code with Schoenfeld residual checks and interpretation guidance. | I17: Rejected – not used | J17: Survival analysis (Sec 4.5) | K17: Y – ran and checked PH diagnostics | L17: 65 | M17: 2 – Medium (structure / ideation) | N17: PH assumption examined; covariates adjusted where needed.
A18: =ROW()-4 -> 14 | B18: 46140 | C18: Analysis & Results | D18: Claude (Anthropic) | E18: Claude (claude.ai) | F18: Code / Formula Generation | G18: Asked Claude to compute SHAP values for the XGBoost model and produce summary and dependence plots, and to help interpret the top text features. | H18: Gave a SHAP computation script and read-out of which features drove predictions. | I18: Adapted minimally | J18: Results / interpretability (Sec 5.1) | K18: Y – ran SHAP and cross-checked importances | L18: 50 | M18: 2 – Medium (structure / ideation) | N18: Interpretation cross-checked against gain-based importance.
A19: =ROW()-4 -> 15 | B19: 46142 | C19: Methodology & Data | D19: Claude (Anthropic) | E19: Claude (claude.ai) | F19: Idea Generation / Brainstorming | G19: Discussed data sourcing (Crunchbase vs Orbis) and whether to use Cox / survival analysis vs binary models; asked for a feasible staged modelling strategy. | H19: Compared data sources and proposed a staged Cox -> time-dependent Cox -> XGBoost plan to control scope. | I19: Rejected – not used | J19: Data & methodology | K19: Y – independently validated | L19: 30 | M19: 2 – Medium (structure / ideation) | N19: Design guidance.
A20: =ROW()-4 -> 16 | B20: 46147 | C20: Analysis & Results | D20: Claude (Anthropic) | E20: Claude (claude.ai) | F20: Data Analysis | G20: Asked Claude to build a lift / decile analysis to assess the screening usefulness of the model scores. | H20: Produced a lift table and cumulative-gains chart code | I20: Adapted substantially | J20: Results / lift (Sec 5.1) | K20: Y – recomputed lift independently | L20: 40 | M20: 2 – Medium (structure / ideation) | N20: Lift numbers reproduced before reporting.
A21: =ROW()-4 -> 17 | B21: 46152 | C21: Analysis & Results | D21: Claude (Anthropic) | E21: Claude (claude.ai) | F21: Diagram / Visual Generation | G21: Asked Claude to help design and style the results figures (ROC/PR curves, SHAP beeswarm, feature-importance and model-comparison bars) in matplotlib. | H21: Returned plotting code and layout/styling suggestions for a consistent figure set. | I21: Adapted minimally | J21: Figures (Ch. 5) | K21: Y – visually inspected each figure | L21: 35 | M21: 1 – Low (formatting / phrasing) | N21: Cosmetic/visual assistance; underlying numbers are mine.
... A24: =ROW()-4 -> 20 | B24: 46162 | C24: Analysis & Results | D24: Claude (Anthropic) | E24: Claude (claude.ai) | F24: Summarisation | G24: Asked Claude to condense the key results | H24: Produced a compact results summary and headline takeaways across the research questions. | I24: Adapted substantially | J24: Results write-up (Ch. 5) | K24: Y – checked against raw outputs | L24: 25 | M24: 1 – Low (formatting / phrasing) | N24: Summary checked against the underlying result files.
A25: =ROW()-4 -> 21 | B25: 46163 | C25: Literature Review | D25: Claude (Anthropic) | E25: Claude (claude.ai) | F25: Literature Search | G25: Asked Claude to synthesise the ML startup-prediction literature and the causal evidence on patents (examiner-lottery designs, quality indicators, where patents rank as predictors). | H25: Synthesised causal and ML literature, incl. that patent features are usually secondary to financing/team signals. | I25: Adapted substantially | J25: Literature; framing | K25: Y – independently validated | L25: 40 | M25: 3 – High (content / analysis)
A26: =ROW()-4 -> 22 | B26: 46174 | C26: Discussion & Writing | D26: Claude (Anthropic) | E26: Claude (claude.ai) | F26: Writing Assistance | G26: Asked Claude to pressure-test whether the lift analysis was necessary and what it adds to the argument. | H26: Argued the lift analysis is close to necessary, ties the metric to the screening use-case, and earns the 'significant but not decision-useful' conclusion; flagged its limitations. | I26: Adapted substantially | J26: Results / lift analysis | K26: Y – independently validated | L26: 25 | M26: 2 – Medium (structure / ideation) | N26: Argumentative critique of your own analysis.
A27: =ROW()-4 -> 23 | B27: 46174 | C27: Discussion & Writing | D27: Claude (Anthropic) | E27: Claude (claude.ai) | F27: Writing Assistance | G27: Asked Claude to interpret the results and articulate the key takeaways / central contribution. | H27: tested the measurement-ceiling conjecture. | I27: Adapted substantially | J27: Discussion (Sec 5.2) | K27: Y – independently validated | L27: 35 | M27: 2 – Medium (structure / ideation)
A28: =ROW()-4 -> 24 | B28: 46183 | C28: Discussion & Writing | D28: Claude (Anthropic) | E28: Claude (claude.ai) | F28: Editing / Proofreading | G28: Asked Claude to proofread and tighten the Methods and Results chapters for clarity and academic tone. | H28: Returned phrasing suggestions while preserving the technical content. | I28: Adapted substantially | J28: Methods & Results (Ch. 4–5) | K28: Y – reviewed every edit | L28: 45 | M28: 1 – Low (formatting / phrasing) | N28: Language only; no new claims introduced by AI.
A29: =ROW()-4 -> 25 | B29: 46183 | C29: Final Review & Defence | D29: Claude (Anthropic) | E29: Claude Fable 5 (claude.ai) | F29: Editing / Proofreading | G29: Uploaded the finished thesis and asked Claude to act as a strict examiner: structure/consistency review, methodology check (leakage, split, class imbalance, feature-importance), and the hardest viva questions. | H29: Gave a critical review with methodological attack points, a chapter-by-chapter approach, and tough defence questions. | I29: Used as reference only | J29: Whole thesis; defence prep | K29: Y – independently validated | L29: 60 | M29: 2 – Medium (structure / ideation)
A30: =ROW()-4 -> 26 | B30: 46185 | C30: Final Review & Defence | D30: Claude (Anthropic) | E30: Claude Fable 5 (claude.ai) | F30: Code / Formula Generation | G30: Asked Claude to check the modelling code / methodology description (temporal train-test split, hyperparameter tuning, feature-importance for correlated text features). | H30: Flagged issues on temporal split and interpretation of importance for correlated features. | I30: Adapted minimally | J30: Methodology / code | K30: Y – independently validated | L30: 30 | M30: 2 – Medium (structure / ideation) | N30: Code/method review; verify any fixes you make.

Sheet Summary Dashboard
A1: AI USAGE — SUMMARY DASHBOARD
A2: Auto-calculated from AI Usage Log. Do not edit this sheet directly.
A4: Total Entries | C4: Total Time (mins) | E4: High-Impact Uses (Score 3) | G4: Unverified Outputs
A5: =COUNTA('AI Usage Log'!B5:B30) -> 26 | C5: =IFERROR(SUM('AI Usage Log'!L5:L30),0) -> 1210 | E5: =IFERROR(COUNTIF('AI Usage Log'!M5:M30,"3*"),0) -> 2 | G5: =IFERROR(COUNTIF('AI Usage Log'!K5:K30,"N*"),0) -> 0
A7: Entries by Thesis Phase | F7: Entries by AI Tool
A8: Topic & Proposal | D8: =COUNTIF('AI Usage Log'!C5:C30,A8) -> 2 | F8: Claude (Anthropic) | H8: =COUNTIF('AI Usage Log'!D5:D30,F8) -> 26
A9: Literature Review | D9: =COUNTIF('AI Usage Log'!C5:C30,A9) -> 2 | F9: ChatGPT (OpenAI) | H9: =COUNTIF('AI Usage Log'!D5:D30,F9) -> 0
A10: Methodology & Data | D10: =COUNTIF('AI Usage Log'!C5:C30,A10) -> 7 | F10: Gemini (Google) | H10: =COUNTIF('AI Usage Log'!D5:D30,F10) -> 0
A11: Analysis & Results | D11: =COUNTIF('AI Usage Log'!C5:C30,A11) -> 10 | F11: Copilot (Microsoft) | H11: =COUNTIF('AI Usage Log'!D5:D30,F11) -> 0
A12: Discussion & Writing | D12: =COUNTIF('AI Usage Log'!C5:C30,A12) -> 3 | F12: Grammarly | H12: =COUNTIF('AI Usage Log'!D5:D30,F12) -> 0
A13: Final Review & Defence | D13: =COUNTIF('AI Usage Log'!C5:C30,A13) -> 2 | F13: Other | H13: =COUNTIF('AI Usage Log'!D5:D30,F13) -> 0
A15: Entries by Task Category | F15: ⚠ Integrity Flags
A16: Literature Search | D16: =COUNTIF('AI Usage Log'!F5:F30,A16) -> 3 | F16: High-impact unverified outputs | H16: =IFERROR(SUMPRODUCT(('AI Usage Log'!M5:M30="3 – High (content / analysis)")*('AI Usage Log'!K5:K30="N – taken at face value")),0) -> 0
A17: Summarisation | D17: =COUNTIF('AI Usage Log'!F5:F30,A17) -> 1 | F17: Verbatim uses (high-impact) | H17: =IFERROR(SUMPRODUCT(('AI Usage Log'!I5:I30="Used verbatim")*('AI Usage Log'!M5:M30="3 – High (content / analysis)")),0) -> 0
A18: Writing Assistance | D18: =COUNTIF('AI Usage Log'!F5:F30,A18) -> 4 | F18: Entries missing verification | H18: =IFERROR(COUNTBLANK('AI Usage Log'!K5:K30),0) -> 0
A19: Editing / Proofreading | D19: =COUNTIF('AI Usage Log'!F5:F30,A19) -> 2
A20: Diagram / Visual Generation | D20: =COUNTIF('AI Usage Log'!F5:F30,A20) -> 1
A21: Data Analysis | D21: =COUNTIF('AI Usage Log'!F5:F30,A21) -> 4
A22: Code / Formula Generation | D22: =COUNTIF('AI Usage Log'!F5:F30,A22) -> 9
A23: Translation | D23: =COUNTIF('AI Usage Log'!F5:F30,A23) -> 0
A24: Idea Generation / Brainstorming | D24: =COUNTIF('AI Usage Log'!F5:F30,A24) -> 2
A25: Other | D25: =COUNTIF('AI Usage Log'!F5:F30,A25) -> 0
